,name,dataset,algorithm,accuracy,time,time-per-pattern,clique-precision,clique-recall,bipartite core-precision,bipartite core-recall,star-precision,star-recall,chain-precision,chain-recall,none-precision,none-recall
0,1-1661934866373,synthetic-6-96-4,MinLA,0.6896551724137931,11780,3926.6666666666665,1.0,1.0,0.0,0.0,0.875,1.0,0.6666666666666666,0.8,0.75,0.15
1,3-1661999533002,synthetic-6-96-4,MinLA,0.603448275862069,61153,20384.333333333332,1.0,1.0,0.0,0.0,0.75,1.0,0.0,0.0,0.75,0.15
2,5-1662002195049,synthetic-6-96-4,MinLA,0.7241379310344828,49863,12465.75,1.0,1.0,0.0,0.0,1.0,1.0,1.0,0.42857142857142855,0.5,0.2
3,9-1662010258606,synthetic-6-96-4,MinLA,0.6379310344827587,20308,10154.0,1.0,1.0,0.0,0.0,0.875,1.0,0.0,0.0,1.0,0.16
4,0-1661933688574,synthetic-6-96-4,MinLA,0.5689655172413793,36484,5212.0,0.8076923076923077,1.0,0.0,0.0,0.75,0.4,0.5,0.3333333333333333,0.75,0.23076923076923078
5,11-1662013922332,synthetic-6-96-4,MinLA,0.6551724137931034,61367,12273.4,1.0,1.0,0.0,0.0,0.75,0.75,0.5,0.3333333333333333,0.75,0.2
6,2-1661935567051,synthetic-6-96-4,MinLA,0.6206896551724138,14236,7118.0,1.0,1.0,0.0,0.0,0.75,1.0,0.0,0.0,1.0,0.15384615384615385
7,6-1662003410816,synthetic-6-96-4,MinLA,0.603448275862069,33348,8337.0,1.0,1.0,0.0,0.0,0.75,0.6666666666666666,0.0,0.0,0.75,0.17647058823529413
8,10-1662013153023,synthetic-6-96-4,MinLA,0.6724137931034483,50270,12567.5,1.0,1.0,0.0,0.0,0.75,0.6,0.5,1.0,1.0,0.21052631578947367
9,4-1662000612817,synthetic-6-96-4,MinLA,0.41379310344827586,21767,7255.666666666667,0.5769230769230769,1.0,0.0,0.0,0.75,1.0,0.0,0.0,0.75,0.0967741935483871
10,8-1662009390411,synthetic-6-96-4,MinLA,0.6206896551724138,16815,8407.5,1.0,1.0,0.0,0.0,0.75,1.0,0.0,0.0,1.0,0.15384615384615385
11,7-1662008650057,synthetic-6-96-4,MinLA,0.5172413793103449,31914,10638.0,0.8076923076923077,1.0,0.0,0.0,0.75,1.0,0.0,0.0,0.75,0.12
12,12-1662090291751,synthetic-6-96-4,MinLA,0.6206896551724138,62480,12496.0,1.0,1.0,0.0,0.0,0.875,0.5833333333333334,0.0,0.0,0.75,0.21428571428571427
13,13-1662121289542,synthetic-6-96-4,MinLA,0.6896551724137931,69340,17335.0,1.0,1.0,0.0,0.0,0.75,1.0,0.8333333333333334,0.4166666666666667,0.75,0.21428571428571427
14,14-1662122943293,synthetic-6-96-4,MinLA,0.6551724137931034,80696,20174.0,1.0,1.0,0.0,0.0,0.75,1.0,0.5,0.3333333333333333,0.75,0.17647058823529413
15,1-1661934866373,synthetic-5-90-0,MinLA,0.7666666666666667,16153,5384.333333333333,1.0,1.0,0.0,0.0,1.0,1.0,1.0,1.0,1.0,0.17647058823529413
16,3-1661999533002,synthetic-5-90-0,MinLA,0.7333333333333333,73642,24547.333333333332,1.0,1.0,0.0,0.0,0.75,1.0,1.0,1.0,1.0,0.15789473684210525
17,5-1662002195049,synthetic-5-90-0,MinLA,0.7166666666666667,32831,10943.666666666666,1.0,1.0,0.0,0.0,1.0,1.0,1.0,0.7,0.0,0.0
18,9-1662010258606,synthetic-5-90-0,MinLA,0.7666666666666667,17673,5891.0,1.0,1.0,0.0,0.0,1.0,1.0,1.0,1.0,1.0,0.17647058823529413
19,0-1661933688574,synthetic-5-90-0,MinLA,0.7333333333333333,37809,5401.285714285715,1.0,1.0,0.0,0.0,0.75,0.6,1.0,0.5,1.0,0.375
20,11-1662013922332,synthetic-5-90-0,MinLA,0.7333333333333333,25854,6463.5,1.0,1.0,0.0,0.0,0.75,1.0,1.0,0.7,1.0,0.1875
21,2-1661935567051,synthetic-5-90-0,MinLA,0.7333333333333333,15136,5045.333333333333,1.0,1.0,0.0,0.0,0.75,1.0,1.0,1.0,1.0,0.15789473684210525
22,6-1662003410816,synthetic-5-90-0,MinLA,0.7333333333333333,38023,9505.75,1.0,1.0,0.0,0.0,0.75,1.0,1.0,0.7,1.0,0.1875
23,10-1662013153023,synthetic-5-90-0,MinLA,0.7,34231,8557.75,1.0,1.0,0.0,0.0,0.75,1.0,1.0,0.7777777777777778,0.3333333333333333,0.058823529411764705
24,4-1662000612817,synthetic-5-90-0,MinLA,0.7,30333,6066.6,1.0,1.0,0.0,0.0,0.5,0.5714285714285714,1.0,0.6363636363636364,1.0,0.21428571428571427
25,8-1662009390411,synthetic-5-90-0,MinLA,0.7333333333333333,14652,4884.0,1.0,1.0,0.0,0.0,0.75,1.0,1.0,1.0,1.0,0.15789473684210525
26,7-1662008650057,synthetic-5-90-0,MinLA,0.6333333333333333,17198,8599.0,1.0,1.0,0.0,0.0,0.0,0.0,1.0,1.0,1.0,0.12
27,12-1662090291751,synthetic-5-90-0,MinLA,0.7666666666666667,32929,8232.25,1.0,1.0,0.0,0.0,1.0,0.7272727272727273,1.0,1.0,1.0,0.21428571428571427
28,13-1662121289542,synthetic-5-90-0,MinLA,0.7,53770,10754.0,1.0,1.0,0.0,0.0,0.75,1.0,1.0,0.5,0.3333333333333333,0.08333333333333333
29,14-1662122943293,synthetic-5-90-0,MinLA,0.7333333333333333,20449,6816.333333333333,1.0,1.0,0.0,0.0,0.75,1.0,1.0,1.0,1.0,0.15789473684210525
30,1-1661934866373,synthetic-7-84-9,MinLA,0.6521739130434783,14325,4775.0,1.0,1.0,0.0,0.0,0.875,1.0,0.0,0.0,1.0,0.5652173913043478
31,3-1661999533002,synthetic-7-84-9,MinLA,0.6521739130434783,140362,35090.5,1.0,1.0,0.0,0.0,0.75,1.0,0.3333333333333333,0.3,0.8461538461538461,0.39285714285714285
32,5-1662002195049,synthetic-7-84-9,MinLA,0.2753623188405797,46752,23376.0,0.0,0.0,0.0,0.0,0.875,1.0,0.1111111111111111,0.25,0.8461538461538461,0.1896551724137931
33,9-1662010258606,synthetic-7-84-9,MinLA,0.6521739130434783,15852,7926.0,1.0,1.0,0.0,0.0,0.875,1.0,0.0,0.0,1.0,0.35135135135135137
34,0-1661933688574,synthetic-7-84-9,MinLA,0.42028985507246375,75223,9402.875,0.4,1.0,0.0,0.0,0.75,0.4,0.0,0.0,1.0,0.4482758620689655
35,11-1662013922332,synthetic-7-84-9,MinLA,0.2753623188405797,27524,6881.0,0.0,0.0,0.0,0.0,0.75,0.75,0.0,0.0,1.0,0.2653061224489796
36,2-1661935567051,synthetic-7-84-9,MinLA,0.6521739130434783,33956,11318.666666666666,1.0,1.0,0.0,0.0,0.75,1.0,0.3333333333333333,0.6,0.8461538461538461,0.3333333333333333
37,6-1662003410816,synthetic-7-84-9,MinLA,0.6811594202898551,38560,9640.0,1.0,1.0,0.0,0.0,0.75,1.0,0.4444444444444444,0.4,0.9230769230769231,0.42857142857142855
38,10-1662013153023,synthetic-7-84-9,MinLA,0.6666666666666666,93276,18655.2,1.0,1.0,0.0,0.0,0.75,1.0,0.4444444444444444,0.26666666666666666,0.8461538461538461,0.4782608695652174
39,4-1662000612817,synthetic-7-84-9,MinLA,0.5652173913043478,49035,12258.75,0.6,1.0,0.0,0.0,0.875,1.0,0.4444444444444444,0.4444444444444444,1.0,0.34210526315789475
40,8-1662009390411,synthetic-7-84-9,MinLA,0.7246376811594203,47650,15883.333333333334,1.0,1.0,0.0,0.0,0.75,1.0,0.6666666666666666,1.0,1.0,0.40625
41,7-1662008650057,synthetic-7-84-9,MinLA,0.4492753623188406,45605,11401.25,0.4,1.0,0.0,0.0,0.75,1.0,0.4444444444444444,0.2857142857142857,0.8461538461538461,0.28205128205128205
42,12-1662090291751,synthetic-7-84-9,MinLA,0.6811594202898551,97052,19410.4,1.0,1.0,0.0,0.0,0.875,0.5833333333333334,0.4444444444444444,0.6666666666666666,0.8461538461538461,0.4230769230769231
43,13-1662121289542,synthetic-7-84-9,MinLA,0.6666666666666666,43437,10859.25,1.0,1.0,0.0,0.0,0.75,1.0,0.4444444444444444,0.3333333333333333,0.8461538461538461,0.4230769230769231
44,14-1662122943293,synthetic-7-84-9,MinLA,0.6521739130434783,66876,13375.2,1.0,0.9259259259259259,0.0,0.0,0.75,1.0,0.4444444444444444,0.2857142857142857,0.7692307692307693,0.45454545454545453
45,1-1661934866373,synthetic-1-87-3,MinLA,0.7368421052631579,16687,5562.333333333333,1.0,1.0,0.0,0.0,1.0,1.0,1.0,1.0,0.0,0.0
46,3-1661999533002,synthetic-1-87-3,MinLA,0.7192982456140351,25961,8653.666666666666,1.0,1.0,0.0,0.0,0.875,1.0,1.0,1.0,0.0,0.0
47,5-1662002195049,synthetic-1-87-3,MinLA,0.7368421052631579,23584,7861.333333333333,1.0,1.0,0.0,0.0,1.0,1.0,1.0,1.0,0.0,0.0
48,9-1662010258606,synthetic-1-87-3,MinLA,0.8070175438596491,36711,9177.75,1.0,1.0,0.26666666666666666,1.0,1.0,1.0,1.0,1.0,0.0,0.0
49,0-1661933688574,synthetic-1-87-3,MinLA,0.5789473684210527,82650,9183.333333333334,0.5555555555555556,1.0,0.26666666666666666,1.0,0.875,0.3333333333333333,1.0,0.5833333333333334,0.0,0.0
50,11-1662013922332,synthetic-1-87-3,MinLA,0.7894736842105263,32678,8169.5,1.0,1.0,0.26666666666666666,1.0,0.875,1.0,1.0,1.0,0.0,0.0
51,2-1661935567051,synthetic-1-87-3,MinLA,0.7192982456140351,19134,6378.0,1.0,1.0,0.0,0.0,0.875,1.0,1.0,1.0,0.0,0.0
52,6-1662003410816,synthetic-1-87-3,MinLA,0.7894736842105263,28941,5788.2,1.0,1.0,0.26666666666666666,1.0,0.875,1.0,1.0,0.7,0.0,0.0
53,10-1662013153023,synthetic-1-87-3,MinLA,0.7192982456140351,35555,11851.666666666666,1.0,1.0,0.0,0.0,0.875,1.0,1.0,1.0,0.0,0.0
54,4-1662000612817,synthetic-1-87-3,MinLA,0.7017543859649122,32043,8010.75,1.0,1.0,0.0,0.0,0.75,0.6666666666666666,1.0,1.0,0.0,0.0
55,8-1662009390411,synthetic-1-87-3,MinLA,0.7192982456140351,16285,4071.25,1.0,0.6428571428571429,0.0,0.0,0.875,1.0,1.0,1.0,0.0,0.0
56,7-1662008650057,synthetic-1-87-3,MinLA,0.6140350877192983,17018,5672.666666666667,0.7777777777777778,1.0,0.0,0.0,0.875,1.0,1.0,1.0,0.0,0.0
57,12-1662090291751,synthetic-1-87-3,MinLA,0.8070175438596491,40382,5768.857142857143,1.0,1.0,0.26666666666666666,1.0,1.0,0.6666666666666666,1.0,0.7,0.0,0.0
58,13-1662121289542,synthetic-1-87-3,MinLA,0.7894736842105263,36319,7263.8,1.0,1.0,0.26666666666666666,1.0,0.875,1.0,1.0,0.5833333333333334,0.0,0.0
59,14-1662122943293,synthetic-1-87-3,MinLA,0.7192982456140351,40245,13415.0,1.0,1.0,0.0,0.0,0.875,1.0,1.0,1.0,0.0,0.0
60,1-1661934866373,synthetic-3-94-3,MinLA,0.6896551724137931,14083,4694.333333333333,1.0,1.0,0.0,0.0,1.0,1.0,1.0,0.8571428571428571,0.0,0.0
61,3-1661999533002,synthetic-3-94-3,MinLA,0.6724137931034483,13010,4336.666666666667,1.0,1.0,0.0,0.0,0.8571428571428571,1.0,1.0,0.8571428571428571,0.0,0.0
62,5-1662002195049,synthetic-3-94-3,MinLA,0.6896551724137931,89112,29704.0,1.0,1.0,0.0,0.0,1.0,1.0,1.0,0.8571428571428571,0.0,0.0
63,9-1662010258606,synthetic-3-94-3,MinLA,0.6896551724137931,25347,8449.0,1.0,1.0,0.0,0.0,1.0,1.0,0.8333333333333334,1.0,1.0,0.05263157894736842
64,0-1661933688574,synthetic-3-94-3,MinLA,0.5344827586206896,92587,9258.7,0.5555555555555556,0.8333333333333334,0.23529411764705882,1.0,0.8571428571428571,0.24,0.8333333333333334,1.0,1.0,0.16666666666666666
65,11-1662013922332,synthetic-3-94-3,MinLA,0.6724137931034483,19981,4995.25,1.0,1.0,0.0,0.0,0.8571428571428571,1.0,0.8333333333333334,0.5,1.0,0.06666666666666667
66,2-1661935567051,synthetic-3-94-3,MinLA,0.6724137931034483,23994,7998.0,1.0,1.0,0.0,0.0,0.8571428571428571,1.0,1.0,0.8571428571428571,0.0,0.0
67,6-1662003410816,synthetic-3-94-3,MinLA,0.6724137931034483,32291,8072.75,1.0,1.0,0.0,0.0,0.8571428571428571,1.0,0.8333333333333334,0.5,1.0,0.06666666666666667
68,10-1662013153023,synthetic-3-94-3,MinLA,0.6724137931034483,19359,6453.0,1.0,1.0,0.0,0.0,0.8571428571428571,1.0,0.8333333333333334,1.0,1.0,0.05
69,4-1662000612817,synthetic-3-94-3,MinLA,0.6551724137931034,23085,5771.25,1.0,1.0,0.0,0.0,0.7142857142857143,1.0,0.8333333333333334,0.5,1.0,0.0625
70,8-1662009390411,synthetic-3-94-3,MinLA,0.6724137931034483,17100,4275.0,1.0,0.6136363636363636,0.0,0.0,0.8571428571428571,1.0,0.8333333333333334,1.0,1.0,0.3333333333333333
71,7-1662008650057,synthetic-3-94-3,MinLA,0.7413793103448276,82731,13788.5,1.0,1.0,0.23529411764705882,1.0,0.8571428571428571,1.0,0.8333333333333334,0.5,1.0,0.09090909090909091
72,12-1662090291751,synthetic-3-94-3,MinLA,0.6896551724137931,23858,7952.666666666667,1.0,1.0,0.0,0.0,1.0,1.0,0.8333333333333334,1.0,1.0,0.05263157894736842
73,13-1662121289542,synthetic-3-94-3,MinLA,0.6724137931034483,93022,23255.5,1.0,0.6136363636363636,0.0,0.0,0.8571428571428571,1.0,1.0,0.8571428571428571,0.0,0.0
74,14-1662122943293,synthetic-3-94-3,MinLA,0.6724137931034483,40326,10081.5,1.0,0.6136363636363636,0.0,0.0,0.8571428571428571,1.0,0.8333333333333334,1.0,1.0,0.3333333333333333
75,1-1661934866373,synthetic-6-96-4,Ours (RDM),1.0,51832,12958.0,1.0,1.0,1.0,1.0,1.0,1.0,1.0,1.0,1.0,1.0
76,3-1661999533002,synthetic-6-96-4,Ours (RDM),0.9482758620689655,45024,11256.0,1.0,1.0,1.0,1.0,0.625,1.0,1.0,1.0,1.0,0.5714285714285714
77,5-1662002195049,synthetic-6-96-4,Ours (RDM),0.9655172413793104,73033,18258.25,1.0,1.0,1.0,1.0,0.75,1.0,1.0,1.0,1.0,0.6666666666666666
78,9-1662010258606,synthetic-6-96-4,Ours (RDM),0.9482758620689655,29610,7402.5,1.0,1.0,0.9285714285714286,1.0,0.75,1.0,1.0,1.0,1.0,0.5714285714285714
79,0-1661933688574,synthetic-6-96-4,Ours (RDM),0.7931034482758621,58407,11681.4,1.0,1.0,0.5714285714285714,1.0,0.625,1.0,0.5,1.0,1.0,0.25
80,11-1662013922332,synthetic-6-96-4,Ours (RDM),0.9137931034482759,22140,5535.0,1.0,1.0,0.9285714285714286,1.0,0.625,1.0,0.8333333333333334,1.0,1.0,0.4444444444444444
81,2-1661935567051,synthetic-6-96-4,Ours (RDM),0.896551724137931,23717,5929.25,1.0,1.0,1.0,1.0,0.625,1.0,0.5,1.0,1.0,0.4
82,6-1662003410816,synthetic-6-96-4,Ours (RDM),0.7931034482758621,56640,11328.0,0.8076923076923077,1.0,0.9285714285714286,1.0,0.625,0.5,0.5,1.0,1.0,0.36363636363636365
83,10-1662013153023,synthetic-6-96-4,Ours (RDM),0.896551724137931,58748,14687.0,1.0,1.0,1.0,1.0,0.625,1.0,0.5,1.0,1.0,0.4
84,4-1662000612817,synthetic-6-96-4,Ours (RDM),0.46551724137931033,24171,8057.0,0.5769230769230769,1.0,0.0,0.0,0.625,1.0,0.5,1.0,1.0,0.11428571428571428
85,8-1662009390411,synthetic-6-96-4,Ours (RDM),0.9310344827586207,19392,3878.4,1.0,1.0,1.0,1.0,0.625,1.0,0.8333333333333334,1.0,1.0,0.5
86,7-1662008650057,synthetic-6-96-4,Ours (RDM),0.5172413793103449,26059,8686.333333333334,0.8076923076923077,1.0,0.0,0.0,0.625,0.5,0.0,0.0,1.0,0.14814814814814814
87,12-1662090291751,synthetic-6-96-4,Ours (RDM),0.9310344827586207,30643,6128.6,1.0,1.0,0.9285714285714286,1.0,0.75,1.0,0.8333333333333334,1.0,1.0,0.5
88,13-1662121289542,synthetic-6-96-4,Ours (RDM),0.9655172413793104,20609,5152.25,1.0,1.0,1.0,1.0,0.75,1.0,1.0,1.0,1.0,0.6666666666666666
89,14-1662122943293,synthetic-6-96-4,Ours (RDM),0.9310344827586207,37588,9397.0,1.0,1.0,0.9285714285714286,1.0,0.75,1.0,0.8333333333333334,1.0,1.0,0.5
90,1-1661934866373,synthetic-5-90-0,Ours (RDM),0.9666666666666667,15844,3961.0,1.0,1.0,1.0,1.0,1.0,1.0,0.7142857142857143,1.0,1.0,0.6
91,3-1661999533002,synthetic-5-90-0,Ours (RDM),0.9333333333333333,20831,5207.75,1.0,1.0,1.0,1.0,0.75,1.0,0.7142857142857143,1.0,1.0,0.42857142857142855
92,5-1662002195049,synthetic-5-90-0,Ours (RDM),0.9666666666666667,36000,9000.0,1.0,1.0,1.0,1.0,1.0,1.0,1.0,0.7777777777777778,0.3333333333333333,1.0
93,9-1662010258606,synthetic-5-90-0,Ours (RDM),0.9666666666666667,18792,4698.0,1.0,1.0,1.0,1.0,1.0,1.0,0.7142857142857143,1.0,1.0,0.6
94,0-1661933688574,synthetic-5-90-0,Ours (RDM),0.6333333333333333,90968,15161.333333333334,1.0,0.9032258064516129,0.0,0.0,0.5,0.5,0.7142857142857143,1.0,0.3333333333333333,0.0625
95,11-1662013922332,synthetic-5-90-0,Ours (RDM),0.9,26509,4418.166666666667,1.0,1.0,1.0,1.0,0.75,0.6,0.7142857142857143,1.0,0.3333333333333333,0.3333333333333333
96,2-1661935567051,synthetic-5-90-0,Ours (RDM),0.8333333333333334,19890,6630.0,1.0,1.0,1.0,1.0,0.0,0.0,0.7142857142857143,1.0,1.0,0.23076923076923078
97,6-1662003410816,synthetic-5-90-0,Ours (RDM),0.9333333333333333,27246,6811.5,1.0,1.0,1.0,1.0,0.75,1.0,0.7142857142857143,1.0,1.0,0.42857142857142855
98,10-1662013153023,synthetic-5-90-0,Ours (RDM),0.9333333333333333,20198,5049.5,1.0,1.0,1.0,1.0,0.75,1.0,0.7142857142857143,1.0,1.0,0.42857142857142855
99,4-1662000612817,synthetic-5-90-0,Ours (RDM),0.9666666666666667,19426,4856.5,1.0,1.0,1.0,1.0,1.0,1.0,0.7142857142857143,1.0,1.0,0.6
100,8-1662009390411,synthetic-5-90-0,Ours (RDM),0.8333333333333334,23321,7773.666666666667,1.0,1.0,1.0,1.0,0.0,0.0,0.7142857142857143,1.0,1.0,0.23076923076923078
101,7-1662008650057,synthetic-5-90-0,Ours (RDM),0.7,23271,7757.0,1.0,1.0,0.0,0.0,0.75,1.0,0.7142857142857143,1.0,1.0,0.14285714285714285
102,12-1662090291751,synthetic-5-90-0,Ours (RDM),0.9333333333333333,38280,6380.0,1.0,1.0,1.0,1.0,1.0,0.6666666666666666,0.7142857142857143,1.0,0.3333333333333333,1.0
103,13-1662121289542,synthetic-5-90-0,Ours (RDM),0.95,20479,5119.75,1.0,1.0,1.0,1.0,0.75,1.0,1.0,0.875,0.6666666666666666,0.5
104,14-1662122943293,synthetic-5-90-0,Ours (RDM),0.9,43150,8630.0,1.0,0.9032258064516129,1.0,1.0,0.5,1.0,0.7142857142857143,1.0,1.0,0.5
105,1-1661934866373,synthetic-7-84-9,Ours (RDM),0.5797101449275363,19593,6531.0,0.6,1.0,0.5714285714285714,1.0,0.5,1.0,0.0,0.0,1.0,0.30952380952380953
106,3-1661999533002,synthetic-7-84-9,Ours (RDM),0.391304347826087,49649,16549.666666666668,0.0,0.0,0.7142857142857143,1.0,0.625,1.0,0.0,0.0,0.9230769230769231,0.2553191489361702
107,5-1662002195049,synthetic-7-84-9,Ours (RDM),0.4492753623188406,69393,34696.5,1.0,0.5681818181818182,0.0,0.0,0.5,1.0,0.0,0.0,0.15384615384615385,0.09523809523809523
108,9-1662010258606,synthetic-7-84-9,Ours (RDM),0.5507246376811594,60100,15025.0,0.6,1.0,0.5714285714285714,0.6666666666666666,0.5,1.0,0.0,0.0,0.8461538461538461,0.2894736842105263
109,0-1661933688574,synthetic-7-84-9,Ours (RDM),0.5217391304347826,97466,9746.6,0.6,0.8333333333333334,0.2857142857142857,0.5,0.5,0.4,0.4444444444444444,0.4444444444444444,0.6923076923076923,0.375
110,11-1662013922332,synthetic-7-84-9,Ours (RDM),0.36231884057971014,31300,6260.0,0.0,0.0,0.5714285714285714,0.6666666666666666,0.5,1.0,0.3333333333333333,0.3,0.7692307692307693,0.23255813953488372
111,2-1661935567051,synthetic-7-84-9,Ours (RDM),0.6666666666666666,24599,8199.666666666666,1.0,0.8333333333333334,0.5714285714285714,1.0,0.5,1.0,0.0,0.0,0.6923076923076923,0.3333333333333333
112,6-1662003410816,synthetic-7-84-9,Ours (RDM),0.6521739130434783,35209,5868.166666666667,0.76,1.0,0.5714285714285714,0.6666666666666666,0.5,0.5714285714285714,0.3333333333333333,1.0,0.8461538461538461,0.39285714285714285
113,10-1662013153023,synthetic-7-84-9,Ours (RDM),0.6811594202898551,52700,10540.0,0.76,1.0,0.7142857142857143,0.7142857142857143,0.5,1.0,0.3333333333333333,1.0,0.8461538461538461,0.3793103448275862
114,4-1662000612817,synthetic-7-84-9,Ours (RDM),0.5217391304347826,30665,5110.833333333333,0.6,1.0,0.2857142857142857,0.5,0.5,0.4,0.3333333333333333,1.0,0.7692307692307693,0.30303030303030304
115,8-1662009390411,synthetic-7-84-9,Ours (RDM),0.6666666666666666,38779,9694.75,1.0,0.9259259259259259,0.5714285714285714,0.6666666666666666,0.5,1.0,0.0,0.0,0.6923076923076923,0.34615384615384615
116,7-1662008650057,synthetic-7-84-9,Ours (RDM),0.391304347826087,27474,13737.0,0.4,1.0,0.0,0.0,0.5,1.0,0.0,0.0,1.0,0.23636363636363636
117,12-1662090291751,synthetic-7-84-9,Ours (RDM),0.6521739130434783,48280,9656.0,0.76,1.0,0.5714285714285714,0.6666666666666666,0.5,1.0,0.3333333333333333,1.0,0.8461538461538461,0.3548387096774194
118,13-1662121289542,synthetic-7-84-9,Ours (RDM),0.7246376811594203,66265,13253.0,1.0,0.9259259259259259,0.5714285714285714,0.6666666666666666,0.625,1.0,0.3333333333333333,0.6,0.6923076923076923,0.45
119,14-1662122943293,synthetic-7-84-9,Ours (RDM),0.6231884057971014,70319,7813.222222222223,0.76,1.0,0.7142857142857143,0.5882352941176471,0.5,0.2857142857142857,0.3333333333333333,1.0,0.5384615384615384,0.4375
120,1-1661934866373,synthetic-1-87-3,Ours (RDM),0.9473684210526315,17296,4324.0,1.0,1.0,1.0,1.0,1.0,1.0,0.5714285714285714,1.0,0.0,0.0
121,3-1661999533002,synthetic-1-87-3,Ours (RDM),0.9649122807017544,21115,5278.75,1.0,1.0,1.0,1.0,0.875,1.0,0.8571428571428571,1.0,0.0,0.0
122,5-1662002195049,synthetic-1-87-3,Ours (RDM),0.9824561403508771,32721,8180.25,1.0,1.0,1.0,1.0,1.0,1.0,0.8571428571428571,1.0,0.0,0.0
123,9-1662010258606,synthetic-1-87-3,Ours (RDM),0.9473684210526315,27633,6908.25,1.0,1.0,1.0,1.0,1.0,1.0,0.5714285714285714,1.0,0.0,0.0
124,0-1661933688574,synthetic-1-87-3,Ours (RDM),0.7368421052631579,53039,8839.833333333334,1.0,1.0,0.26666666666666666,1.0,0.875,0.7777777777777778,0.5714285714285714,0.5,0.0,0.0
125,11-1662013922332,synthetic-1-87-3,Ours (RDM),0.9298245614035088,18354,3670.8,1.0,1.0,1.0,1.0,0.875,0.7777777777777778,0.5714285714285714,1.0,0.0,0.0
126,2-1661935567051,synthetic-1-87-3,Ours (RDM),0.9298245614035088,18001,4500.25,1.0,1.0,1.0,1.0,0.875,1.0,0.5714285714285714,1.0,0.0,0.0
127,6-1662003410816,synthetic-1-87-3,Ours (RDM),0.9298245614035088,14207,3551.75,1.0,1.0,1.0,1.0,0.875,1.0,0.5714285714285714,1.0,0.0,0.0
128,10-1662013153023,synthetic-1-87-3,Ours (RDM),0.9298245614035088,20467,5116.75,1.0,1.0,1.0,1.0,0.875,1.0,0.5714285714285714,1.0,0.0,0.0
129,4-1662000612817,synthetic-1-87-3,Ours (RDM),0.8947368421052632,26571,6642.75,1.0,1.0,1.0,1.0,0.625,1.0,0.5714285714285714,1.0,0.0,0.0
130,8-1662009390411,synthetic-1-87-3,Ours (RDM),0.9298245614035088,21409,5352.25,1.0,1.0,1.0,1.0,0.875,1.0,0.5714285714285714,1.0,0.0,0.0
131,7-1662008650057,synthetic-1-87-3,Ours (RDM),0.6666666666666666,37688,7537.6,1.0,1.0,0.0,0.0,0.875,1.0,0.5714285714285714,0.5,0.0,0.0
132,12-1662090291751,synthetic-1-87-3,Ours (RDM),0.9473684210526315,21507,4301.4,1.0,1.0,1.0,1.0,1.0,0.8,0.5714285714285714,1.0,0.0,0.0
133,13-1662121289542,synthetic-1-87-3,Ours (RDM),0.9473684210526315,19220,4805.0,1.0,1.0,1.0,1.0,0.875,1.0,0.7142857142857143,1.0,0.0,0.0
134,14-1662122943293,synthetic-1-87-3,Ours (RDM),0.9298245614035088,16345,4086.25,1.0,1.0,1.0,1.0,0.875,1.0,0.5714285714285714,1.0,0.0,0.0
135,1-1661934866373,synthetic-3-94-3,Ours (RDM),0.9482758620689655,28361,5672.2,1.0,1.0,1.0,1.0,1.0,0.7777777777777778,0.5,1.0,1.0,0.5
136,3-1661999533002,synthetic-3-94-3,Ours (RDM),0.9827586206896551,38409,9602.25,1.0,1.0,1.0,1.0,0.8571428571428571,1.0,1.0,0.8571428571428571,1.0,1.0
137,5-1662002195049,synthetic-3-94-3,Ours (RDM),1.0,26160,6540.0,1.0,1.0,1.0,1.0,1.0,1.0,1.0,1.0,1.0,1.0
138,9-1662010258606,synthetic-3-94-3,Ours (RDM),0.9482758620689655,29492,7373.0,1.0,1.0,1.0,1.0,1.0,1.0,0.5,1.0,1.0,0.25
139,0-1661933688574,synthetic-3-94-3,Ours (RDM),0.7068965517241379,26072,3724.5714285714284,0.5555555555555556,1.0,0.9411764705882353,1.0,0.8571428571428571,0.3,0.5,1.0,1.0,0.25
140,11-1662013922332,synthetic-3-94-3,Ours (RDM),0.9137931034482759,26288,5257.6,1.0,1.0,0.9411764705882353,1.0,0.8571428571428571,0.75,0.5,1.0,1.0,0.25
141,2-1661935567051,synthetic-3-94-3,Ours (RDM),0.9137931034482759,20953,5238.25,1.0,1.0,0.9411764705882353,1.0,0.8571428571428571,1.0,0.5,1.0,1.0,0.16666666666666666
142,6-1662003410816,synthetic-3-94-3,Ours (RDM),0.9137931034482759,19791,4947.75,1.0,1.0,0.9411764705882353,1.0,0.8571428571428571,1.0,0.5,1.0,1.0,0.16666666666666666
143,10-1662013153023,synthetic-3-94-3,Ours (RDM),0.9137931034482759,17471,4367.75,1.0,1.0,0.9411764705882353,1.0,0.8571428571428571,1.0,0.5,1.0,1.0,0.16666666666666666
144,4-1662000612817,synthetic-3-94-3,Ours (RDM),0.7068965517241379,20883,5220.75,0.5555555555555556,1.0,0.9411764705882353,1.0,0.8571428571428571,1.0,0.5,1.0,1.0,0.05555555555555555
145,8-1662009390411,synthetic-3-94-3,Ours (RDM),0.9310344827586207,20046,5011.5,1.0,1.0,1.0,1.0,0.8571428571428571,1.0,0.5,1.0,1.0,0.2
146,7-1662008650057,synthetic-3-94-3,Ours (RDM),0.8103448275862069,17162,4290.5,0.7777777777777778,1.0,0.9411764705882353,1.0,0.8571428571428571,1.0,0.5,1.0,1.0,0.08333333333333333
147,12-1662090291751,synthetic-3-94-3,Ours (RDM),0.9482758620689655,26629,5325.8,1.0,1.0,1.0,1.0,1.0,0.7777777777777778,0.5,1.0,1.0,0.5
148,13-1662121289542,synthetic-3-94-3,Ours (RDM),0.9310344827586207,36122,9030.5,1.0,1.0,0.9411764705882353,1.0,0.8571428571428571,1.0,0.6666666666666666,1.0,1.0,0.2
149,14-1662122943293,synthetic-3-94-3,Ours (RDM),0.9137931034482759,19333,4833.25,1.0,1.0,0.9411764705882353,1.0,0.8571428571428571,1.0,0.5,1.0,1.0,0.16666666666666666
150,1-1661934866373,synthetic-6-96-4,Ours (GRD),0.9482758620689655,16991,4247.75,1.0,1.0,1.0,1.0,0.875,1.0,0.6666666666666666,1.0,1.0,0.5714285714285714
151,3-1661999533002,synthetic-6-96-4,Ours (GRD),0.9137931034482759,34154,8538.5,1.0,1.0,0.9285714285714286,1.0,0.75,1.0,0.6666666666666666,1.0,1.0,0.4444444444444444
152,5-1662002195049,synthetic-6-96-4,Ours (GRD),0.9482758620689655,45810,9162.0,1.0,1.0,1.0,1.0,0.875,1.0,0.8333333333333334,0.7142857142857143,0.75,0.75
153,9-1662010258606,synthetic-6-96-4,Ours (GRD),0.9310344827586207,28129,7032.25,1.0,1.0,0.9285714285714286,1.0,0.875,1.0,0.6666666666666666,1.0,1.0,0.5
154,0-1661933688574,synthetic-6-96-4,Ours (GRD),0.6206896551724138,44283,5535.375,0.5769230769230769,1.0,0.5714285714285714,1.0,0.75,0.3,0.6666666666666666,1.0,0.75,0.2727272727272727
155,11-1662013922332,synthetic-6-96-4,Ours (GRD),0.7931034482758621,37088,9272.0,1.0,1.0,0.42857142857142855,1.0,0.75,1.0,0.6666666666666666,1.0,1.0,0.25
156,2-1661935567051,synthetic-6-96-4,Ours (GRD),0.9137931034482759,17733,4433.25,1.0,1.0,1.0,1.0,0.75,1.0,0.5,1.0,1.0,0.4444444444444444
157,6-1662003410816,synthetic-6-96-4,Ours (GRD),0.9137931034482759,19419,4854.75,1.0,1.0,0.9285714285714286,1.0,0.75,1.0,0.6666666666666666,1.0,1.0,0.4444444444444444
158,10-1662013153023,synthetic-6-96-4,Ours (GRD),0.9137931034482759,18991,4747.75,1.0,1.0,0.9285714285714286,1.0,0.75,1.0,0.6666666666666666,1.0,1.0,0.4444444444444444
159,4-1662000612817,synthetic-6-96-4,Ours (GRD),0.7413793103448276,26103,6525.75,0.5769230769230769,1.0,1.0,1.0,0.75,1.0,0.6666666666666666,1.0,1.0,0.21052631578947367
160,8-1662009390411,synthetic-6-96-4,Ours (GRD),0.9310344827586207,17572,4393.0,1.0,1.0,1.0,1.0,0.75,1.0,0.6666666666666666,1.0,1.0,0.5
161,7-1662008650057,synthetic-6-96-4,Ours (GRD),0.4827586206896552,35396,7079.2,0.5769230769230769,1.0,0.0,0.0,0.75,0.46153846153846156,0.6666666666666666,0.5,0.75,0.13636363636363635
162,12-1662090291751,synthetic-6-96-4,Ours (GRD),0.9482758620689655,32219,8054.75,1.0,1.0,1.0,1.0,0.875,1.0,0.6666666666666666,1.0,1.0,0.5714285714285714
163,13-1662121289542,synthetic-6-96-4,Ours (GRD),0.9137931034482759,72070,18017.5,1.0,1.0,1.0,1.0,0.625,1.0,0.6666666666666666,1.0,1.0,0.4444444444444444
164,14-1662122943293,synthetic-6-96-4,Ours (GRD),0.896551724137931,37644,7528.8,1.0,0.896551724137931,1.0,1.0,0.5,1.0,0.6666666666666666,1.0,1.0,0.5714285714285714
165,1-1661934866373,synthetic-5-90-0,Ours (GRD),0.9666666666666667,17040,4260.0,1.0,1.0,1.0,1.0,1.0,1.0,0.7142857142857143,1.0,1.0,0.6
166,3-1661999533002,synthetic-5-90-0,Ours (GRD),0.9333333333333333,32557,8139.25,1.0,1.0,1.0,1.0,0.75,1.0,0.7142857142857143,1.0,1.0,0.42857142857142855
167,5-1662002195049,synthetic-5-90-0,Ours (GRD),0.95,26934,5386.8,1.0,1.0,1.0,1.0,1.0,1.0,1.0,0.7,0.0,0.0
168,9-1662010258606,synthetic-5-90-0,Ours (GRD),0.9666666666666667,21205,5301.25,1.0,1.0,1.0,1.0,1.0,1.0,0.7142857142857143,1.0,1.0,0.6
169,0-1661933688574,synthetic-5-90-0,Ours (GRD),0.85,30611,6122.2,1.0,1.0,0.6428571428571429,1.0,0.75,0.75,0.7142857142857143,1.0,1.0,0.3
170,11-1662013922332,synthetic-5-90-0,Ours (GRD),0.9333333333333333,20316,4063.2,1.0,1.0,1.0,1.0,0.75,0.75,0.7142857142857143,1.0,1.0,0.6
171,2-1661935567051,synthetic-5-90-0,Ours (GRD),0.9333333333333333,21180,5295.0,1.0,1.0,1.0,1.0,0.75,1.0,0.7142857142857143,1.0,1.0,0.42857142857142855
172,6-1662003410816,synthetic-5-90-0,Ours (GRD),0.9333333333333333,13278,3319.5,1.0,1.0,1.0,1.0,0.75,1.0,0.7142857142857143,1.0,1.0,0.42857142857142855
173,10-1662013153023,synthetic-5-90-0,Ours (GRD),0.9333333333333333,23351,5837.75,1.0,1.0,1.0,1.0,0.75,1.0,0.7142857142857143,1.0,1.0,0.42857142857142855
174,4-1662000612817,synthetic-5-90-0,Ours (GRD),0.9333333333333333,22611,5652.75,1.0,1.0,1.0,1.0,0.75,1.0,0.7142857142857143,1.0,1.0,0.42857142857142855
175,8-1662009390411,synthetic-5-90-0,Ours (GRD),0.9,22774,4554.8,1.0,1.0,1.0,1.0,0.75,1.0,0.7142857142857143,0.7142857142857143,0.3333333333333333,0.2
176,7-1662008650057,synthetic-5-90-0,Ours (GRD),0.7,38271,9567.75,1.0,1.0,0.0,0.0,0.75,1.0,0.7142857142857143,0.5555555555555556,1.0,0.17647058823529413
177,12-1662090291751,synthetic-5-90-0,Ours (GRD),0.9666666666666667,25443,5088.6,1.0,1.0,1.0,1.0,1.0,0.8,0.7142857142857143,1.0,1.0,1.0
178,13-1662121289542,synthetic-5-90-0,Ours (GRD),0.9333333333333333,28496,5699.2,1.0,1.0,1.0,1.0,0.75,1.0,1.0,0.7777777777777778,0.3333333333333333,0.3333333333333333
179,14-1662122943293,synthetic-5-90-0,Ours (GRD),0.9333333333333333,23870,5967.5,1.0,1.0,1.0,1.0,0.75,1.0,0.7142857142857143,1.0,1.0,0.42857142857142855
180,1-1661934866373,synthetic-7-84-9,Ours (GRD),0.8985507246376812,25646,6411.5,1.0,1.0,0.5714285714285714,1.0,0.875,1.0,1.0,1.0,1.0,0.65
181,3-1661999533002,synthetic-7-84-9,Ours (GRD),0.7246376811594203,87318,29106.0,1.0,1.0,0.0,0.0,0.75,1.0,0.6666666666666666,0.8571428571428571,1.0,0.41935483870967744
182,5-1662002195049,synthetic-7-84-9,Ours (GRD),0.7101449275362319,55244,13811.0,1.0,1.0,0.0,0.0,0.875,1.0,0.6666666666666666,0.6666666666666666,0.8461538461538461,0.39285714285714285
183,9-1662010258606,synthetic-7-84-9,Ours (GRD),0.7681159420289855,71027,23675.666666666668,1.0,1.0,0.5714285714285714,1.0,0.875,1.0,0.0,0.0,1.0,0.4482758620689655
184,0-1661933688574,synthetic-7-84-9,Ours (GRD),0.6376811594202898,55124,6890.5,0.6,0.8333333333333334,0.2857142857142857,1.0,0.75,0.6,0.6666666666666666,0.6666666666666666,1.0,0.4642857142857143
185,11-1662013922332,synthetic-7-84-9,Ours (GRD),0.4492753623188406,34990,5831.666666666667,0.0,0.0,0.42857142857142855,1.0,0.75,0.6666666666666666,0.6666666666666666,0.5,1.0,0.30952380952380953
186,2-1661935567051,synthetic-7-84-9,Ours (GRD),0.782608695652174,19307,4826.75,1.0,0.9615384615384616,0.5714285714285714,1.0,0.75,1.0,0.3333333333333333,0.75,0.9230769230769231,0.48
187,6-1662003410816,synthetic-7-84-9,Ours (GRD),0.8405797101449275,91520,15253.333333333334,1.0,1.0,0.5714285714285714,1.0,0.75,1.0,0.6666666666666666,1.0,1.0,0.5416666666666666
188,10-1662013153023,synthetic-7-84-9,Ours (GRD),0.8695652173913043,28388,5677.6,1.0,1.0,0.7142857142857143,1.0,0.75,1.0,0.6666666666666666,1.0,1.0,0.5909090909090909
189,4-1662000612817,synthetic-7-84-9,Ours (GRD),0.6376811594202898,26688,5337.6,0.6,1.0,0.2857142857142857,1.0,0.75,1.0,0.6666666666666666,1.0,1.0,0.34210526315789475
190,8-1662009390411,synthetic-7-84-9,Ours (GRD),0.7536231884057971,25309,8436.333333333334,1.0,1.0,0.5714285714285714,1.0,0.75,1.0,0.0,0.0,1.0,0.43333333333333335
191,7-1662008650057,synthetic-7-84-9,Ours (GRD),0.4927536231884058,45789,15263.0,0.6,1.0,0.0,0.0,0.75,0.6,0.0,0.0,1.0,0.29545454545454547
192,12-1662090291751,synthetic-7-84-9,Ours (GRD),0.855072463768116,61065,12213.0,1.0,1.0,0.5714285714285714,1.0,0.875,1.0,0.6666666666666666,1.0,1.0,0.5652173913043478
193,13-1662121289542,synthetic-7-84-9,Ours (GRD),0.8405797101449275,34175,6835.0,1.0,0.8928571428571429,0.5714285714285714,1.0,0.75,1.0,0.6666666666666666,1.0,1.0,0.6190476190476191
194,14-1662122943293,synthetic-7-84-9,Ours (GRD),0.8260869565217391,30582,6116.4,1.0,1.0,0.7142857142857143,1.0,0.75,0.6666666666666666,0.3333333333333333,1.0,1.0,0.5909090909090909
195,1-1661934866373,synthetic-1-87-3,Ours (GRD),0.9649122807017544,15667,3916.75,1.0,1.0,1.0,1.0,1.0,1.0,0.7142857142857143,1.0,0.0,0.0
196,3-1661999533002,synthetic-1-87-3,Ours (GRD),0.9473684210526315,64358,16089.5,1.0,1.0,1.0,1.0,0.875,1.0,0.7142857142857143,1.0,0.0,0.0
197,5-1662002195049,synthetic-1-87-3,Ours (GRD),1.0,27585,6896.25,1.0,1.0,1.0,1.0,1.0,1.0,1.0,1.0,0.0,0.0
198,9-1662010258606,synthetic-1-87-3,Ours (GRD),0.9649122807017544,15971,3992.75,1.0,1.0,1.0,1.0,1.0,1.0,0.7142857142857143,1.0,0.0,0.0
199,0-1661933688574,synthetic-1-87-3,Ours (GRD),0.8421052631578947,28752,5750.4,1.0,1.0,0.6,1.0,0.875,0.7777777777777778,0.7142857142857143,1.0,0.0,0.0
200,11-1662013922332,synthetic-1-87-3,Ours (GRD),0.9649122807017544,26537,5307.4,1.0,1.0,1.0,1.0,1.0,0.8,0.7142857142857143,1.0,0.0,0.0
201,2-1661935567051,synthetic-1-87-3,Ours (GRD),0.9473684210526315,18262,4565.5,1.0,1.0,1.0,1.0,0.875,1.0,0.7142857142857143,1.0,0.0,0.0
202,6-1662003410816,synthetic-1-87-3,Ours (GRD),0.9473684210526315,13867,3466.75,1.0,1.0,1.0,1.0,0.875,1.0,0.7142857142857143,1.0,0.0,0.0
203,10-1662013153023,synthetic-1-87-3,Ours (GRD),0.9473684210526315,21357,5339.25,1.0,1.0,1.0,1.0,0.875,1.0,0.7142857142857143,1.0,0.0,0.0
204,4-1662000612817,synthetic-1-87-3,Ours (GRD),0.631578947368421,21937,5484.25,0.5555555555555556,1.0,0.6,1.0,0.875,1.0,0.7142857142857143,1.0,0.0,0.0
205,8-1662009390411,synthetic-1-87-3,Ours (GRD),0.9473684210526315,20297,5074.25,1.0,1.0,1.0,1.0,0.875,1.0,0.7142857142857143,1.0,0.0,0.0
206,7-1662008650057,synthetic-1-87-3,Ours (GRD),0.7368421052631579,29987,7496.75,0.7777777777777778,1.0,0.6,1.0,0.875,1.0,0.7142857142857143,1.0,0.0,0.0
207,12-1662090291751,synthetic-1-87-3,Ours (GRD),0.9649122807017544,26791,5358.2,1.0,1.0,1.0,1.0,1.0,0.8,0.7142857142857143,1.0,0.0,0.0
208,13-1662121289542,synthetic-1-87-3,Ours (GRD),0.9824561403508771,33216,8304.0,1.0,1.0,1.0,1.0,0.875,1.0,1.0,1.0,0.0,0.0
209,14-1662122943293,synthetic-1-87-3,Ours (GRD),0.9473684210526315,15317,3829.25,1.0,1.0,1.0,1.0,0.875,1.0,0.7142857142857143,1.0,0.0,0.0
210,1-1661934866373,synthetic-3-94-3,Ours (GRD),1.0,14915,3728.75,1.0,1.0,1.0,1.0,1.0,1.0,1.0,1.0,1.0,1.0
211,3-1661999533002,synthetic-3-94-3,Ours (GRD),0.9827586206896551,57798,14449.5,1.0,1.0,1.0,1.0,0.8571428571428571,1.0,1.0,1.0,1.0,0.5
212,5-1662002195049,synthetic-3-94-3,Ours (GRD),1.0,30021,7505.25,1.0,1.0,1.0,1.0,1.0,1.0,1.0,1.0,1.0,1.0
213,9-1662010258606,synthetic-3-94-3,Ours (GRD),0.9310344827586207,21094,5273.5,1.0,1.0,0.9411764705882353,1.0,1.0,1.0,0.5,1.0,1.0,0.2
214,0-1661933688574,synthetic-3-94-3,Ours (GRD),0.7068965517241379,24369,3481.285714285714,0.5555555555555556,1.0,0.9411764705882353,1.0,0.8571428571428571,0.3,0.5,1.0,1.0,0.25
215,11-1662013922332,synthetic-3-94-3,Ours (GRD),0.9137931034482759,22000,4400.0,1.0,1.0,0.9411764705882353,1.0,0.8571428571428571,0.75,0.5,1.0,1.0,0.25
216,2-1661935567051,synthetic-3-94-3,Ours (GRD),0.9137931034482759,15922,3980.5,1.0,1.0,0.9411764705882353,1.0,0.8571428571428571,1.0,0.5,1.0,1.0,0.16666666666666666
217,6-1662003410816,synthetic-3-94-3,Ours (GRD),0.9137931034482759,13822,3455.5,1.0,1.0,0.9411764705882353,1.0,0.8571428571428571,1.0,0.5,1.0,1.0,0.16666666666666666
218,10-1662013153023,synthetic-3-94-3,Ours (GRD),0.9137931034482759,20163,5040.75,1.0,1.0,0.9411764705882353,1.0,0.8571428571428571,1.0,0.5,1.0,1.0,0.16666666666666666
219,4-1662000612817,synthetic-3-94-3,Ours (GRD),0.7068965517241379,23981,5995.25,0.5555555555555556,1.0,0.9411764705882353,1.0,0.8571428571428571,1.0,0.5,1.0,1.0,0.05555555555555555
220,8-1662009390411,synthetic-3-94-3,Ours (GRD),0.9827586206896551,19164,4791.0,1.0,1.0,1.0,1.0,0.8571428571428571,1.0,1.0,1.0,1.0,0.5
221,7-1662008650057,synthetic-3-94-3,Ours (GRD),0.8103448275862069,19775,4943.75,0.7777777777777778,1.0,0.9411764705882353,1.0,0.8571428571428571,1.0,0.5,1.0,1.0,0.08333333333333333
222,12-1662090291751,synthetic-3-94-3,Ours (GRD),0.9482758620689655,23841,4768.2,1.0,1.0,1.0,1.0,1.0,0.7777777777777778,0.5,1.0,1.0,0.5
223,13-1662121289542,synthetic-3-94-3,Ours (GRD),0.9655172413793104,24011,6002.75,1.0,1.0,1.0,1.0,0.8571428571428571,1.0,0.8333333333333334,1.0,1.0,0.3333333333333333
224,14-1662122943293,synthetic-3-94-3,Ours (GRD),0.9137931034482759,30348,7587.0,1.0,1.0,0.9411764705882353,1.0,0.8571428571428571,1.0,0.5,1.0,1.0,0.16666666666666666
225,1-1661934866373,synthetic-6-96-4,LeafOrder-δI,0.6379310344827587,42111,21055.5,1.0,1.0,0.0,0.0,0.875,1.0,0.0,0.0,1.0,0.16
226,3-1661999533002,synthetic-6-96-4,LeafOrder-δI,0.5172413793103449,28383,28383.0,1.0,1.0,0.0,0.0,0.0,0.0,0.0,0.0,1.0,0.125
227,5-1662002195049,synthetic-6-96-4,LeafOrder-δI,0.5172413793103449,31223,31223.0,1.0,1.0,0.0,0.0,0.0,0.0,0.0,0.0,1.0,0.125
228,9-1662010258606,synthetic-6-96-4,LeafOrder-δI,0.7758620689655172,35751,7150.2,1.0,1.0,0.5714285714285714,1.0,0.875,0.5384615384615384,0.0,0.0,1.0,0.36363636363636365
229,0-1661933688574,synthetic-6-96-4,LeafOrder-δI,0.603448275862069,48161,8026.833333333333,0.8076923076923077,1.0,0.2857142857142857,1.0,0.75,0.42857142857142855,0.0,0.0,1.0,0.21052631578947367
230,11-1662013922332,synthetic-6-96-4,LeafOrder-δI,0.6379310344827587,28147,7036.75,1.0,1.0,0.0,0.0,0.875,0.5384615384615384,0.0,0.0,1.0,0.21052631578947367
231,2-1661935567051,synthetic-6-96-4,LeafOrder-δI,0.6551724137931034,16189,8094.5,1.0,1.0,0.5714285714285714,1.0,0.0,0.0,0.0,0.0,1.0,0.16666666666666666
232,6-1662003410816,synthetic-6-96-4,LeafOrder-δI,0.6724137931034483,62122,12424.4,0.8076923076923077,1.0,0.5714285714285714,1.0,0.75,0.5,0.0,0.0,1.0,0.23529411764705882
233,10-1662013153023,synthetic-6-96-4,LeafOrder-δI,0.8103448275862069,37275,12425.0,1.0,1.0,0.7857142857142857,1.0,0.75,1.0,0.0,0.0,1.0,0.26666666666666666
234,4-1662000612817,synthetic-6-96-4,LeafOrder-δI,0.6379310344827587,25922,8640.666666666666,0.8076923076923077,1.0,0.35714285714285715,1.0,0.875,1.0,0.0,0.0,1.0,0.16
235,8-1662009390411,synthetic-6-96-4,LeafOrder-δI,0.7068965517241379,21765,10882.5,1.0,1.0,0.7857142857142857,1.0,0.0,0.0,0.0,0.0,1.0,0.19047619047619047
236,7-1662008650057,synthetic-6-96-4,LeafOrder-δI,0.5344827586206896,21302,10651.0,0.8076923076923077,1.0,0.0,0.0,0.75,1.0,0.0,0.0,1.0,0.12903225806451613
237,12-1662090291751,synthetic-6-96-4,LeafOrder-δI,0.6896551724137931,34601,5766.833333333333,0.8076923076923077,1.0,0.5714285714285714,1.0,0.875,0.4666666666666667,0.0,0.0,1.0,0.2857142857142857
238,13-1662121289542,synthetic-6-96-4,LeafOrder-δI,0.6724137931034483,51969,25984.5,1.0,1.0,0.6428571428571429,1.0,0.0,0.0,0.0,0.0,1.0,0.17391304347826086
239,14-1662122943293,synthetic-6-96-4,LeafOrder-δI,0.7931034482758621,47176,9435.2,1.0,0.9629629629629629,0.7857142857142857,1.0,0.75,0.5,0.0,0.0,0.75,0.375
240,1-1661934866373,synthetic-5-90-0,LeafOrder-δI,0.9333333333333333,61943,10323.833333333334,1.0,1.0,1.0,1.0,1.0,0.6666666666666666,0.42857142857142855,1.0,1.0,1.0
241,3-1661999533002,synthetic-5-90-0,LeafOrder-δI,0.85,22795,7598.333333333333,1.0,1.0,1.0,1.0,0.0,0.0,1.0,0.7777777777777778,0.6666666666666666,0.2222222222222222
242,5-1662002195049,synthetic-5-90-0,LeafOrder-δI,0.85,44417,14805.666666666666,1.0,1.0,1.0,1.0,0.0,0.0,1.0,0.7777777777777778,0.6666666666666666,0.2222222222222222
243,9-1662010258606,synthetic-5-90-0,LeafOrder-δI,0.9333333333333333,14159,3539.75,1.0,1.0,1.0,1.0,1.0,1.0,0.42857142857142855,1.0,1.0,0.42857142857142855
244,0-1661933688574,synthetic-5-90-0,LeafOrder-δI,0.7833333333333333,35094,5013.428571428572,1.0,1.0,0.6428571428571429,1.0,0.75,0.5,0.42857142857142855,1.0,0.3333333333333333,0.125
245,11-1662013922332,synthetic-5-90-0,LeafOrder-δI,0.8,29440,9813.333333333334,1.0,1.0,1.0,1.0,0.0,0.0,0.42857142857142855,1.0,1.0,0.2
246,2-1661935567051,synthetic-5-90-0,LeafOrder-δI,0.8,13692,4564.0,1.0,1.0,1.0,1.0,0.0,0.0,0.42857142857142855,1.0,1.0,0.2
247,6-1662003410816,synthetic-5-90-0,LeafOrder-δI,0.9,11911,2977.75,1.0,1.0,1.0,1.0,0.75,1.0,0.42857142857142855,1.0,1.0,0.3333333333333333
248,10-1662013153023,synthetic-5-90-0,LeafOrder-δI,0.9,55815,13953.75,1.0,1.0,1.0,1.0,0.75,1.0,0.42857142857142855,1.0,1.0,0.3333333333333333
249,4-1662000612817,synthetic-5-90-0,LeafOrder-δI,0.8166666666666667,18785,4696.25,1.0,1.0,0.6428571428571429,1.0,0.75,1.0,0.42857142857142855,1.0,1.0,0.21428571428571427
250,8-1662009390411,synthetic-5-90-0,LeafOrder-δI,0.8166666666666667,34026,11342.0,1.0,1.0,1.0,1.0,0.0,0.0,0.7142857142857143,0.8333333333333334,0.6666666666666666,0.16666666666666666
251,7-1662008650057,synthetic-5-90-0,LeafOrder-δI,0.8166666666666667,16091,4022.75,1.0,1.0,0.6428571428571429,1.0,0.75,1.0,0.42857142857142855,1.0,1.0,0.21428571428571427
252,12-1662090291751,synthetic-5-90-0,LeafOrder-δI,0.9,38031,5433.0,1.0,1.0,1.0,1.0,1.0,0.5714285714285714,0.42857142857142855,1.0,0.3333333333333333,1.0
253,13-1662121289542,synthetic-5-90-0,LeafOrder-δI,0.85,23577,7859.0,1.0,1.0,1.0,1.0,0.0,0.0,1.0,0.875,0.6666666666666666,0.2
254,14-1662122943293,synthetic-5-90-0,LeafOrder-δI,0.9,16794,4198.5,1.0,1.0,1.0,1.0,0.75,1.0,0.42857142857142855,1.0,1.0,0.3333333333333333
255,1-1661934866373,synthetic-7-84-9,LeafOrder-δI,0.7681159420289855,12294,4098.0,1.0,1.0,0.5714285714285714,1.0,0.875,1.0,0.0,0.0,1.0,0.4482758620689655
256,3-1661999533002,synthetic-7-84-9,LeafOrder-δI,0.6231884057971014,26892,13446.0,0.8,1.0,0.7142857142857143,1.0,0.0,0.0,0.0,0.0,1.0,0.3333333333333333
257,5-1662002195049,synthetic-7-84-9,LeafOrder-δI,0.5362318840579711,62005,31002.5,1.0,1.0,0.0,0.0,0.0,0.0,0.0,0.0,0.9230769230769231,0.2857142857142857
258,9-1662010258606,synthetic-7-84-9,LeafOrder-δI,0.7681159420289855,70330,17582.5,1.0,1.0,0.5714285714285714,1.0,0.875,0.6363636363636364,0.0,0.0,1.0,0.52
259,0-1661933688574,synthetic-7-84-9,LeafOrder-δI,0.5507246376811594,55249,6906.125,0.4,0.7692307692307693,0.42857142857142855,0.42857142857142855,0.75,0.6,0.3333333333333333,1.0,1.0,0.4482758620689655
260,11-1662013922332,synthetic-7-84-9,LeafOrder-δI,0.7971014492753623,40727,6787.833333333333,1.0,1.0,0.5714285714285714,1.0,0.75,0.5454545454545454,0.3333333333333333,1.0,1.0,0.5909090909090909
261,2-1661935567051,synthetic-7-84-9,LeafOrder-δI,0.6666666666666666,18064,9032.0,1.0,1.0,0.5714285714285714,1.0,0.0,0.0,0.0,0.0,1.0,0.3611111111111111
262,6-1662003410816,synthetic-7-84-9,LeafOrder-δI,0.7971014492753623,36297,7259.4,1.0,1.0,0.5714285714285714,1.0,0.75,0.6666666666666666,0.3333333333333333,1.0,1.0,0.5416666666666666
263,10-1662013153023,synthetic-7-84-9,LeafOrder-δI,0.782608695652174,39951,13317.0,1.0,1.0,0.7142857142857143,1.0,0.75,1.0,0.0,0.0,1.0,0.4642857142857143
264,4-1662000612817,synthetic-7-84-9,LeafOrder-δI,0.5217391304347826,33376,8344.0,0.4,1.0,0.2857142857142857,1.0,0.75,1.0,0.3333333333333333,1.0,1.0,0.2826086956521739
265,8-1662009390411,synthetic-7-84-9,LeafOrder-δI,0.6666666666666666,20222,10111.0,1.0,1.0,0.5714285714285714,1.0,0.0,0.0,0.0,0.0,1.0,0.3611111111111111
266,7-1662008650057,synthetic-7-84-9,LeafOrder-δI,0.42028985507246375,36996,18498.0,0.4,1.0,0.0,0.0,0.75,1.0,0.0,0.0,1.0,0.24528301886792453
267,12-1662090291751,synthetic-7-84-9,LeafOrder-δI,0.8115942028985508,57947,9657.833333333334,1.0,1.0,0.5714285714285714,1.0,0.875,0.5384615384615384,0.3333333333333333,1.0,1.0,0.65
268,13-1662121289542,synthetic-7-84-9,LeafOrder-δI,0.7246376811594203,32450,10816.666666666666,1.0,1.0,0.5714285714285714,1.0,0.0,0.0,0.4444444444444444,1.0,1.0,0.40625
269,14-1662122943293,synthetic-7-84-9,LeafOrder-δI,0.782608695652174,91906,22976.5,1.0,1.0,0.7142857142857143,1.0,0.75,0.6666666666666666,0.0,0.0,1.0,0.52
270,1-1661934866373,synthetic-1-87-3,LeafOrder-δI,0.8771929824561403,18150,6050.0,1.0,1.0,1.0,1.0,1.0,1.0,0.0,0.0,0.0,0.0
271,3-1661999533002,synthetic-1-87-3,LeafOrder-δI,0.7368421052631579,31711,15855.5,1.0,1.0,1.0,1.0,0.0,0.0,0.0,0.0,0.0,0.0
272,5-1662002195049,synthetic-1-87-3,LeafOrder-δI,0.8070175438596491,51196,17065.333333333332,1.0,1.0,1.0,1.0,0.0,0.0,0.5714285714285714,1.0,0.0,0.0
273,9-1662010258606,synthetic-1-87-3,LeafOrder-δI,0.8771929824561403,16343,5447.666666666667,1.0,1.0,1.0,1.0,1.0,1.0,0.0,0.0,0.0,0.0
274,0-1661933688574,synthetic-1-87-3,LeafOrder-δI,0.6491228070175439,22532,4506.4,0.7777777777777778,1.0,0.6,1.0,0.875,0.6363636363636364,0.0,0.0,0.0,0.0
275,11-1662013922332,synthetic-1-87-3,LeafOrder-δI,0.8596491228070176,19049,6349.666666666667,1.0,1.0,1.0,1.0,0.875,1.0,0.0,0.0,0.0,0.0
276,2-1661935567051,synthetic-1-87-3,LeafOrder-δI,0.7017543859649122,62460,31230.0,0.9259259259259259,1.0,1.0,0.8823529411764706,0.0,0.0,0.0,0.0,0.0,0.0
277,6-1662003410816,synthetic-1-87-3,LeafOrder-δI,0.8596491228070176,27285,9095.0,1.0,1.0,1.0,1.0,0.875,1.0,0.0,0.0,0.0,0.0
278,10-1662013153023,synthetic-1-87-3,LeafOrder-δI,0.8596491228070176,35981,11993.666666666666,1.0,1.0,1.0,1.0,0.875,1.0,0.0,0.0,0.0,0.0
279,4-1662000612817,synthetic-1-87-3,LeafOrder-δI,0.8771929824561403,17767,5922.333333333333,1.0,1.0,1.0,1.0,1.0,1.0,0.0,0.0,0.0,0.0
280,8-1662009390411,synthetic-1-87-3,LeafOrder-δI,0.7368421052631579,22731,11365.5,1.0,1.0,1.0,1.0,0.0,0.0,0.0,0.0,0.0,0.0
281,7-1662008650057,synthetic-1-87-3,LeafOrder-δI,0.49122807017543857,52378,17459.333333333332,0.7777777777777778,1.0,0.0,0.0,0.875,1.0,0.0,0.0,0.0,0.0
282,12-1662090291751,synthetic-1-87-3,LeafOrder-δI,0.8771929824561403,33191,6638.2,1.0,1.0,1.0,1.0,1.0,0.6666666666666666,0.0,0.0,0.0,0.0
283,13-1662121289542,synthetic-1-87-3,LeafOrder-δI,0.8070175438596491,52146,13036.5,1.0,0.9,1.0,1.0,0.0,0.0,0.5714285714285714,1.0,0.0,0.0
284,14-1662122943293,synthetic-1-87-3,LeafOrder-δI,0.8596491228070176,29490,9830.0,1.0,1.0,1.0,1.0,0.875,1.0,0.0,0.0,0.0,0.0
285,1-1661934866373,synthetic-3-94-3,LeafOrder-δI,1.0,11115,2778.75,1.0,1.0,1.0,1.0,1.0,1.0,1.0,1.0,1.0,1.0
286,3-1661999533002,synthetic-3-94-3,LeafOrder-δI,0.7586206896551724,15031,7515.5,1.0,1.0,0.9411764705882353,1.0,0.0,0.0,0.0,0.0,1.0,0.06666666666666667
287,5-1662002195049,synthetic-3-94-3,LeafOrder-δI,0.8620689655172413,31640,7910.0,1.0,1.0,1.0,1.0,0.0,0.0,1.0,0.8571428571428571,0.0,0.0
288,9-1662010258606,synthetic-3-94-3,LeafOrder-δI,0.8793103448275862,27777,9259.0,1.0,1.0,0.9411764705882353,1.0,1.0,1.0,0.0,0.0,1.0,0.125
289,0-1661933688574,synthetic-3-94-3,LeafOrder-δI,0.6551724137931034,31896,5316.0,0.5555555555555556,1.0,0.9411764705882353,1.0,0.8571428571428571,0.375,0.0,0.0,1.0,0.09090909090909091
290,11-1662013922332,synthetic-3-94-3,LeafOrder-δI,0.896551724137931,21431,7143.666666666667,1.0,1.0,1.0,1.0,1.0,1.0,0.0,0.0,1.0,0.14285714285714285
291,2-1661935567051,synthetic-3-94-3,LeafOrder-δI,0.7586206896551724,16411,8205.5,1.0,1.0,0.9411764705882353,1.0,0.0,0.0,0.0,0.0,1.0,0.06666666666666667
292,6-1662003410816,synthetic-3-94-3,LeafOrder-δI,0.8620689655172413,15978,5326.0,1.0,1.0,0.9411764705882353,1.0,0.8571428571428571,1.0,0.0,0.0,1.0,0.1111111111111111
293,10-1662013153023,synthetic-3-94-3,LeafOrder-δI,0.8620689655172413,14014,4671.333333333333,1.0,1.0,0.9411764705882353,1.0,0.8571428571428571,1.0,0.0,0.0,1.0,0.1111111111111111
294,4-1662000612817,synthetic-3-94-3,LeafOrder-δI,0.8620689655172413,37393,12464.333333333334,1.0,1.0,0.9411764705882353,1.0,0.8571428571428571,1.0,0.0,0.0,1.0,0.1111111111111111
295,8-1662009390411,synthetic-3-94-3,LeafOrder-δI,0.8793103448275862,15912,5304.0,1.0,1.0,1.0,1.0,0.0,0.0,1.0,1.0,1.0,0.125
296,7-1662008650057,synthetic-3-94-3,LeafOrder-δI,0.7586206896551724,42652,14217.333333333334,0.7777777777777778,1.0,0.9411764705882353,1.0,0.8571428571428571,1.0,0.0,0.0,1.0,0.06666666666666667
297,12-1662090291751,synthetic-3-94-3,LeafOrder-δI,0.896551724137931,42290,8458.0,1.0,1.0,1.0,1.0,1.0,0.6363636363636364,0.0,0.0,1.0,0.3333333333333333
298,13-1662121289542,synthetic-3-94-3,LeafOrder-δI,0.8793103448275862,25827,8609.0,1.0,1.0,1.0,1.0,0.0,0.0,1.0,1.0,1.0,0.125
299,14-1662122943293,synthetic-3-94-3,LeafOrder-δI,0.8620689655172413,16575,5525.0,1.0,1.0,0.9411764705882353,1.0,0.8571428571428571,1.0,0.0,0.0,1.0,0.1111111111111111
